domain.freemyip.com, ,1583931527.550209
saidbakr.freemyip.com,41.232.106.166,1583931528.4905372
factory.freemyip.com,41.232.106.166,1583931529.419804
feqh.freemyip.com,41.232.106.166,1583931530.3588448
factory2.freemyip.com,41.232.106.166,1583931531.2936199
quran.freemyip.com,41.232.106.166,1583931532.230039
school.freemyip.com,41.232.106.166,1583931533.1599457
books.freemyip.com,41.232.106.166,1583931534.110687
store.freemyip.com,41.232.106.166,1583931535.03936
islam.freemyip.com,41.232.106.166,1583931535.9538398
drupal.freemyip.com,41.232.106.166,1583931536.8997693
news.freemyip.com,41.232.106.166,1583931537.8412347
app.freemyip.com,41.232.106.166,1583931538.8008876
2index.freemyip.com,41.232.106.166,1583931539.7442317
laravel.freemyip.com,41.232.106.166,1583931540.6903062
box.freemyip.com,41.232.106.166,1583931541.6244953
egypt.freemyip.com,41.232.106.166,1583931542.570379
joomla.freemyip.com,41.232.106.166,1583931543.5116715
